<?xml version="1.0" encoding="utf-8" ?><dwsync><file name=".DS_Store" server="direct.nashtechnology.com//Applications/MAMP/htdocs/nashtechnology/" local="3428702871" remote="318763443821707674" Dst="-1" /><file name=".htaccess" server="direct.nashtechnology.com//Applications/MAMP/htdocs/nashtechnology/" local="3428711593" remote="318763443821707674" Dst="-1" /><file name="index.php" server="direct.nashtechnology.com//Applications/MAMP/htdocs/nashtechnology/" local="3408904872" remote="318763443821707674" Dst="-1" /><file name="license.txt" server="direct.nashtechnology.com//Applications/MAMP/htdocs/nashtechnology/" local="3419152108" remote="318763443821707674" Dst="-1" /><file name="readme.html" server="direct.nashtechnology.com//Applications/MAMP/htdocs/nashtechnology/" local="3423610472" remote="318763443821707674" Dst="-1" /><file name="wp-activate.php" server="direct.nashtechnology.com//Applications/MAMP/htdocs/nashtechnology/" local="3406682732" remote="318763443821707674" Dst="-1" /><file name="wp-app.php" server="direct.nashtechnology.com//Applications/MAMP/htdocs/nashtechnology/" local="3419808100" remote="318763443821707683" Dst="-1" /><file name="wp-blog-header.php" server="direct.nashtechnology.com//Applications/MAMP/htdocs/nashtechnology/" local="3408904872" remote="318763443821707683" Dst="-1" /><file name="wp-comments-post.php" server="direct.nashtechnology.com//Applications/MAMP/htdocs/nashtechnology/" local="3416941278" remote="318763443821707683" Dst="-1" /><file name="wp-config-sample.php" server="direct.nashtechnology.com//Applications/MAMP/htdocs/nashtechnology/" local="3371485512" remote="318763443821707683" Dst="-1" /><file name="wp-config.php" server="direct.nashtechnology.com//Applications/MAMP/htdocs/nashtechnology/" local="3428710003" remote="318763443821707683" Dst="-1" /><file name="wp-cron.php" server="direct.nashtechnology.com//Applications/MAMP/htdocs/nashtechnology/" local="3408998552" remote="318763443821707704" Dst="-1" /><file name="wp-links-opml.php" server="direct.nashtechnology.com//Applications/MAMP/htdocs/nashtechnology/" local="3370699054" remote="318763443821707721" Dst="-1" /><file name="wp-load.php" server="direct.nashtechnology.com//Applications/MAMP/htdocs/nashtechnology/" local="3417944718" remote="318763443821707721" Dst="-1" /><file name="wp-login.php" server="direct.nashtechnology.com//Applications/MAMP/htdocs/nashtechnology/" local="3423599626" remote="318763443821707721" Dst="-1" /><file name="wp-mail.php" server="direct.nashtechnology.com//Applications/MAMP/htdocs/nashtechnology/" local="3418828340" remote="318763443821707721" Dst="-1" /><file name="wp-settings.php" server="direct.nashtechnology.com//Applications/MAMP/htdocs/nashtechnology/" local="3418365276" remote="318763443821707721" Dst="-1" /><file name="wp-signup.php" server="direct.nashtechnology.com//Applications/MAMP/htdocs/nashtechnology/" local="3417853232" remote="318763443821707721" Dst="-1" /><file name="wp-trackback.php" server="direct.nashtechnology.com//Applications/MAMP/htdocs/nashtechnology/" local="3408904872" remote="318763443821707721" Dst="-1" /><file name="xmlrpc.php" server="direct.nashtechnology.com//Applications/MAMP/htdocs/nashtechnology/" local="3412299762" remote="318763443821707721" Dst="-1" /></dwsync>